County of County_Animals,Year of County_Animals,"CATTLE, ON FEED - INVENTORY",HOGS - INVENTORY,TURKEYS - INVENTORY
AITKIN,2010,25.73,59.23,39.9
AITKIN,2011,39.53,71.53,45.2
AITKIN,2012,52.0,48.0,39.0
AITKIN,2013,67.13,96.13,55.8
AITKIN,2014,80.93,108.43,61.1
AITKIN,2015,94.73,120.73,66.4
AITKIN,2016,108.53,133.03,71.7
AITKIN,2017,125.0,217.0,100.0
AITKIN,2018,136.13,157.63,82.3
AITKIN,2019,149.93,169.93,87.6
AITKIN,2020,163.73,182.23,92.9
AITKIN,2021,177.53,194.53,98.2
AITKIN,2022,190.0,171.0,92.0
AITKIN,2023,205.13,219.13,108.8
ANOKA,2010,271.8,139.63,-95.6
ANOKA,2011,272.4,145.73,-77.8
ANOKA,2012,273.0,170.0,-60.0
ANOKA,2013,273.6,157.93,-42.2
ANOKA,2014,274.2,164.03,-24.4
ANOKA,2015,274.8,170.13,-6.6
ANOKA,2016,275.4,176.23,11.2
ANOKA,2017,276.0,146.0,29.0
ANOKA,2018,276.6,188.43,46.8
ANOKA,2019,277.2,194.53,64.6
ANOKA,2020,277.8,200.63,82.4
ANOKA,2021,278.4,206.73,100.2
ANOKA,2022,279.0,231.0,118.0
ANOKA,2023,279.6,218.93,135.8
BECKER,2010,2177.2,17447.8,561554.1
BECKER,2011,2222.6,18076.4,548928.8
BECKER,2012,2531.0,18705.0,483590.0
BECKER,2013,2313.4,19333.6,523678.2
BECKER,2014,2358.8,19962.2,511052.9
BECKER,2015,2404.2,20590.8,498427.6
BECKER,2016,2449.6,21219.4,485802.3
BECKER,2017,1969.0,21848.0,578604.0
BECKER,2018,2540.4,22476.6,460551.7
BECKER,2019,2585.8,23105.2,447926.4
BECKER,2020,2631.2,23733.8,435301.1
BECKER,2021,2676.6,24362.4,422675.8
BECKER,2022,2985.0,24991.0,357337.0
BECKER,2023,2767.4,25619.6,397425.2
BELTRAMI,2010,376.6,178.9,116.2
BELTRAMI,2011,370.8,181.2,109.6
BELTRAMI,2012,365.0,186.0,72.0
BELTRAMI,2013,359.2,185.8,96.4
BELTRAMI,2014,353.4,188.1,89.8
BELTRAMI,2015,347.6,190.4,83.2
BELTRAMI,2016,341.8,192.7,76.6
BELTRAMI,2017,336.0,190.0,132.0
BELTRAMI,2018,330.2,197.3,63.4
BELTRAMI,2019,324.4,199.6,56.8
BELTRAMI,2020,318.6,201.9,50.2
BELTRAMI,2021,312.8,204.2,43.6
BELTRAMI,2022,307.0,209.0,6.0
BELTRAMI,2023,301.2,208.8,30.4
BENTON,2010,4111.73,20408.67,
BENTON,2011,4091.53,21490.67,
BENTON,2012,4359.0,23865.0,22.0
BENTON,2013,4051.13,23654.67,
BENTON,2014,4030.93,24736.67,
BENTON,2015,4010.73,25818.67,
BENTON,2016,3990.53,26900.67,
BENTON,2017,3395.0,25398.0,
BENTON,2018,3950.13,29064.67,
BENTON,2019,3929.93,30146.67,
BENTON,2020,3909.73,31228.67,
BENTON,2021,3889.53,32310.67,
BENTON,2022,4157.0,34685.0,
BENTON,2023,3849.13,34474.67,
BIG STONE,2010,1174.37,41524.7,
BIG STONE,2011,1121.27,41935.6,
BIG STONE,2012,937.0,41005.0,
BIG STONE,2013,1015.07,42757.4,
BIG STONE,2014,961.97,43168.3,
BIG STONE,2015,908.87,43579.2,
BIG STONE,2016,855.77,43990.1,
BIG STONE,2017,1065.0,47084.0,
BIG STONE,2018,749.57,44811.9,
BIG STONE,2019,696.47,45222.8,
BIG STONE,2020,643.37,45633.7,
BIG STONE,2021,590.27,46044.6,
BIG STONE,2022,406.0,45114.0,
BIG STONE,2023,484.07,46866.4,
BLUE EARTH,2010,5179.7,526989.2,116808.8
BLUE EARTH,2011,5038.6,538540.6,118946.4
BLUE EARTH,2012,4014.0,554230.0,121084.0
BLUE EARTH,2013,4756.4,561643.4,123221.6
BLUE EARTH,2014,4615.3,573194.8,125359.2
BLUE EARTH,2015,4474.2,584746.2,127496.8
BLUE EARTH,2016,4333.1,596297.6,129634.4
BLUE EARTH,2017,5959.0,599573.0,131772.0
BLUE EARTH,2018,4050.9,619400.4,133909.6
BLUE EARTH,2019,3909.8,630951.8,136047.2
BLUE EARTH,2020,3768.7,642503.2,138184.8
BLUE EARTH,2021,3627.6,654054.6,140322.4
BLUE EARTH,2022,2603.0,669744.0,142460.0
BLUE EARTH,2023,3345.4,677157.4,144597.6
BROWN,2010,24643.97,230057.27,428087.0
BROWN,2011,23735.07,232677.47,400580.0
BROWN,2012,20570.0,218163.0,378325.0
BROWN,2013,21917.27,237917.87,345566.0
BROWN,2014,21008.37,240538.07,318059.0
BROWN,2015,20099.47,243158.27,290552.0
BROWN,2016,19190.57,245778.47,263045.0
BROWN,2017,22794.0,282668.0,225034.0
BROWN,2018,17372.77,251018.87,208031.0
BROWN,2019,16463.87,253639.07,180524.0
BROWN,2020,15554.97,256259.27,153017.0
BROWN,2021,14646.07,258879.47,125510.0
BROWN,2022,11481.0,244365.0,103255.0
BROWN,2023,12828.27,264119.87,70496.0
CARLTON,2010,91.8,263.6,-2.2
CARLTON,2011,105.4,257.8,4.4
CARLTON,2012,119.0,118.0,11.0
CARLTON,2013,132.6,246.2,17.6
CARLTON,2014,146.2,240.4,24.2
CARLTON,2015,159.8,234.6,30.8
CARLTON,2016,173.4,228.8,37.4
CARLTON,2017,187.0,491.0,44.0
CARLTON,2018,200.6,217.2,50.6
CARLTON,2019,214.2,211.4,57.2
CARLTON,2020,227.8,205.6,63.8
CARLTON,2021,241.4,199.8,70.4
CARLTON,2022,255.0,60.0,77.0
CARLTON,2023,268.6,188.2,83.6
CARVER,2010,3198.2,24416.13,140.6
CARVER,2011,3238.6,24033.73,132.8
CARVER,2012,2941.0,29567.0,121.0
CARVER,2013,3319.4,23268.93,117.2
CARVER,2014,3359.8,22886.53,109.4
CARVER,2015,3400.2,22504.13,101.6
CARVER,2016,3440.6,22121.73,93.8
CARVER,2017,4157.0,9908.0,94.0
CARVER,2018,3521.4,21356.93,78.2
CARVER,2019,3561.8,20974.53,70.4
CARVER,2020,3602.2,20592.13,62.6
CARVER,2021,3642.6,20209.73,54.8
CARVER,2022,3345.0,25743.0,43.0
CARVER,2023,3723.4,19444.93,39.2
CASS,2010,1111.2,65.53,
CASS,2011,1025.6,77.93,
CASS,2012,940.0,98.0,
CASS,2013,854.4,102.73,
CASS,2014,768.8,115.13,
CASS,2015,683.2,127.53,
CASS,2016,597.6,139.93,
CASS,2017,512.0,137.0,
CASS,2018,426.4,164.73,
CASS,2019,340.8,177.13,
CASS,2020,255.2,189.53,
CASS,2021,169.6,201.93,
CASS,2022,84.0,222.0,
CASS,2023,-1.6,226.73,
CHIPPEWA,2010,5310.2,47318.57,
CHIPPEWA,2011,5041.6,48460.87,
CHIPPEWA,2012,3710.0,50200.0,
CHIPPEWA,2013,4504.4,50745.47,
CHIPPEWA,2014,4235.8,51887.77,
CHIPPEWA,2015,3967.2,53030.07,
CHIPPEWA,2016,3698.6,54172.37,
CHIPPEWA,2017,5556.0,54121.0,
CHIPPEWA,2018,3161.4,56456.97,
CHIPPEWA,2019,2892.8,57599.27,
CHIPPEWA,2020,2624.2,58741.57,
CHIPPEWA,2021,2355.6,59883.87,
CHIPPEWA,2022,1024.0,61623.0,109546.0
CHIPPEWA,2023,1818.4,62168.47,
CHISAGO,2010,435.53,756.3,201.0
CHISAGO,2011,448.93,748.4,192.0
CHISAGO,2012,458.0,563.0,183.0
CHISAGO,2013,475.73,732.6,174.0
CHISAGO,2014,489.13,724.7,165.0
CHISAGO,2015,502.53,716.8,156.0
CHISAGO,2016,515.93,708.9,147.0
CHISAGO,2017,538.0,1056.0,138.0
CHISAGO,2018,542.73,693.1,129.0
CHISAGO,2019,556.13,685.2,120.0
CHISAGO,2020,569.53,677.3,111.0
CHISAGO,2021,582.93,669.4,102.0
CHISAGO,2022,592.0,484.0,93.0
CHISAGO,2023,609.73,653.6,84.0
CLAY,2010,1454.47,36473.67,
CLAY,2011,1370.07,34542.67,
CLAY,2012,1219.0,32825.0,
CLAY,2013,1201.27,30680.67,
CLAY,2014,1116.87,28749.67,
CLAY,2015,1032.47,26818.67,
CLAY,2016,948.07,24887.67,
CLAY,2017,997.0,22530.0,
CLAY,2018,779.27,21025.67,
CLAY,2019,694.87,19094.67,
CLAY,2020,610.47,17163.67,
CLAY,2021,526.07,15232.67,
CLAY,2022,375.0,13515.0,
CLAY,2023,357.27,11370.67,
CLEARWATER,2010,,,-5.8
CLEARWATER,2011,,,5.6
CLEARWATER,2012,,,17.0
CLEARWATER,2013,,,28.4
CLEARWATER,2014,,,39.8
CLEARWATER,2015,,,51.2
CLEARWATER,2016,,,62.6
CLEARWATER,2017,,,74.0
CLEARWATER,2018,,,85.4
CLEARWATER,2019,,,96.8
CLEARWATER,2020,,,108.2
CLEARWATER,2021,,,119.6
CLEARWATER,2022,,538.0,131.0
CLEARWATER,2023,,,142.4
COOK,2011,,,
COOK,2012,,,
COOK,2013,,,
COOK,2014,,,
COOK,2015,,,
COOK,2016,,,
COOK,2017,,,
COOK,2018,,,
COOK,2019,,,
COOK,2020,,,
COOK,2021,,,
COOK,2022,,,
COOK,2023,,,
COTTONWOOD,2010,18946.63,237026.07,213903.97
COTTONWOOD,2011,18540.73,247637.87,204154.07
COTTONWOOD,2012,15004.0,235636.0,224209.0
COTTONWOOD,2013,17728.93,268861.47,184654.27
COTTONWOOD,2014,17323.03,279473.27,174904.37
COTTONWOOD,2015,16917.13,290085.07,165154.47
COTTONWOOD,2016,16511.23,300696.87,155404.57
COTTONWOOD,2017,22367.0,356536.0,86045.0
COTTONWOOD,2018,15699.43,321920.47,135904.77
COTTONWOOD,2019,15293.53,332532.27,126154.87
COTTONWOOD,2020,14887.63,343144.07,116404.97
COTTONWOOD,2021,14481.73,353755.87,106655.07
COTTONWOOD,2022,10945.0,341754.0,126710.0
COTTONWOOD,2023,13669.93,374979.47,87155.27
CROW WING,2010,,397.07,64.5
CROW WING,2011,,368.87,65.0
CROW WING,2012,1399.0,307.0,81.0
CROW WING,2013,,312.47,66.0
CROW WING,2014,,284.27,66.5
CROW WING,2015,,256.07,67.0
CROW WING,2016,,227.87,67.5
CROW WING,2017,,267.0,37.0
CROW WING,2018,,171.47,68.5
CROW WING,2019,,143.27,69.0
CROW WING,2020,,115.07,69.5
CROW WING,2021,,86.87,70.0
CROW WING,2022,,25.0,86.0
CROW WING,2023,,30.47,71.0
DAKOTA,2010,9840.27,36840.5,
DAKOTA,2011,10083.47,34053.0,
DAKOTA,2012,10614.0,32683.0,
DAKOTA,2013,10569.87,28478.0,
DAKOTA,2014,10813.07,25690.5,
DAKOTA,2015,11056.27,22903.0,
DAKOTA,2016,11299.47,20115.5,
DAKOTA,2017,10968.0,14493.0,
DAKOTA,2018,11785.87,14540.5,
DAKOTA,2019,12029.07,11753.0,
DAKOTA,2020,12272.27,8965.5,
DAKOTA,2021,12515.47,6178.0,
DAKOTA,2022,13046.0,4808.0,
DAKOTA,2023,13001.87,603.0,
DODGE,2010,3996.7,136361.43,234582.4
DODGE,2011,4126.6,144346.13,248316.2
DODGE,2012,3934.0,163874.0,262050.0
DODGE,2013,4386.4,160315.53,275783.8
DODGE,2014,4516.3,168300.23,289517.6
DODGE,2015,4646.2,176284.93,303251.4
DODGE,2016,4776.1,184269.63,316985.2
DODGE,2017,5551.0,169168.0,330719.0
DODGE,2018,5035.9,200239.03,344452.8
DODGE,2019,5165.8,208223.73,358186.6
DODGE,2020,5295.7,216208.43,371920.4
DODGE,2021,5425.6,224193.13,385654.2
DODGE,2022,5233.0,243721.0,399388.0
DODGE,2023,5685.4,240162.53,413121.8
DOUGLAS,2010,7985.73,1168.63,
DOUGLAS,2011,7563.53,1166.73,
DOUGLAS,2012,6851.0,1198.0,9.0
DOUGLAS,2013,6719.13,1162.93,
DOUGLAS,2014,6296.93,1161.03,
DOUGLAS,2015,5874.73,1159.13,
DOUGLAS,2016,5452.53,1157.23,
DOUGLAS,2017,5611.0,1089.0,
DOUGLAS,2018,4608.13,1153.43,
DOUGLAS,2019,4185.93,1151.53,
DOUGLAS,2020,3763.73,1149.63,
DOUGLAS,2021,3341.53,1147.73,
DOUGLAS,2022,2629.0,1179.0,
DOUGLAS,2023,2497.13,1143.93,
FARIBAULT,2010,6644.37,226647.5,
FARIBAULT,2011,6350.27,229481.0,
FARIBAULT,2012,4584.0,249759.0,
FARIBAULT,2013,5762.07,235148.0,
FARIBAULT,2014,5467.97,237981.5,
FARIBAULT,2015,5173.87,240815.0,
FARIBAULT,2016,4879.77,243648.5,
FARIBAULT,2017,7530.0,211593.0,
FARIBAULT,2018,4291.57,249315.5,
FARIBAULT,2019,3997.47,252149.0,
FARIBAULT,2020,3703.37,254982.5,
FARIBAULT,2021,3409.27,257816.0,
FARIBAULT,2022,1643.0,278094.0,
FARIBAULT,2023,2821.07,263483.0,
FILLMORE,2010,11059.03,139615.2,
FILLMORE,2011,10927.93,139456.6,
FILLMORE,2012,11749.0,136778.0,
FILLMORE,2013,10665.73,139139.4,
FILLMORE,2014,10534.63,138980.8,
FILLMORE,2015,10403.53,138822.2,
FILLMORE,2016,10272.43,138663.6,
FILLMORE,2017,8237.0,143545.0,
FILLMORE,2018,10010.23,138346.4,
FILLMORE,2019,9879.13,138187.8,
FILLMORE,2020,9748.03,138029.2,
FILLMORE,2021,9616.93,137870.6,
FILLMORE,2022,10438.0,135192.0,
FILLMORE,2023,9354.73,137553.4,
FREEBORN,2010,10262.37,350528.23,66902.77
FREEBORN,2011,9695.27,340484.53,67893.47
FREEBORN,2012,8837.0,324837.0,49303.0
FREEBORN,2013,8561.07,320397.13,69874.87
FREEBORN,2014,7993.97,310353.43,70865.57
FREEBORN,2015,7426.87,300309.73,71856.27
FREEBORN,2016,6859.77,290266.03,72846.97
FREEBORN,2017,6875.0,291430.0,113000.0
FREEBORN,2018,5725.57,270178.63,74828.37
FREEBORN,2019,5158.47,260134.93,75819.07
FREEBORN,2020,4591.37,250091.23,76809.77
FREEBORN,2021,4024.27,240047.53,77800.47
FREEBORN,2022,3166.0,224400.0,59210.0
FREEBORN,2023,2890.07,219960.13,79781.87
GOODHUE,2010,12415.9,146318.17,206656.6
GOODHUE,2011,12728.2,141929.67,254711.8
GOODHUE,2012,11695.0,143804.0,302767.0
GOODHUE,2013,13352.8,133152.67,350822.2
GOODHUE,2014,13665.1,128764.17,398877.4
GOODHUE,2015,13977.4,124375.67,446932.6
GOODHUE,2016,14289.7,119987.17,494987.8
GOODHUE,2017,17293.0,103073.0,543043.0
GOODHUE,2018,14914.3,111210.17,591098.2
GOODHUE,2019,15226.6,106821.67,639153.4
GOODHUE,2020,15538.9,102433.17,687208.6
GOODHUE,2021,15851.2,98044.67,735263.8
GOODHUE,2022,14818.0,99919.0,783319.0
GOODHUE,2023,16475.8,89267.67,831374.2
GRANT,2010,2810.8,,
GRANT,2011,2620.4,,
GRANT,2012,2430.0,,
GRANT,2013,2239.6,,
GRANT,2014,2049.2,,
GRANT,2015,1858.8,,
GRANT,2016,1668.4,,
GRANT,2017,1478.0,23320.0,
GRANT,2018,1287.6,,
GRANT,2019,1097.2,,
GRANT,2020,906.8,,
GRANT,2021,716.4,,
GRANT,2022,526.0,,
GRANT,2023,335.6,,
HENNEPIN,2010,3061.23,89.6,-23.0
HENNEPIN,2011,2836.53,85.8,-4.0
HENNEPIN,2012,3201.0,86.0,15.0
HENNEPIN,2013,2387.13,78.2,34.0
HENNEPIN,2014,2162.43,74.4,53.0
HENNEPIN,2015,1937.73,70.6,72.0
HENNEPIN,2016,1713.03,66.8,91.0
HENNEPIN,2017,310.0,55.0,110.0
HENNEPIN,2018,1263.63,59.2,129.0
HENNEPIN,2019,1038.93,55.4,148.0
HENNEPIN,2020,814.23,51.6,167.0
HENNEPIN,2021,589.53,47.8,186.0
HENNEPIN,2022,954.0,48.0,205.0
HENNEPIN,2023,140.13,40.2,224.0
HOUSTON,2010,4094.33,20656.3,
HOUSTON,2011,4322.33,20255.4,
HOUSTON,2012,5126.0,22428.0,
HOUSTON,2013,4778.33,19453.6,
HOUSTON,2014,5006.33,19052.7,
HOUSTON,2015,5234.33,18651.8,
HOUSTON,2016,5462.33,18250.9,
HOUSTON,2017,4539.0,12703.0,
HOUSTON,2018,5918.33,17449.1,
HOUSTON,2019,6146.33,17048.2,
HOUSTON,2020,6374.33,16647.3,
HOUSTON,2021,6602.33,16246.4,
HOUSTON,2022,7406.0,18419.0,
HOUSTON,2023,7058.33,15444.6,
HUBBARD,2010,,531.83,-9.2
HUBBARD,2011,,515.33,1.4
HUBBARD,2012,133.0,181.0,12.0
HUBBARD,2013,,482.33,22.6
HUBBARD,2014,,465.83,33.2
HUBBARD,2015,,449.33,43.8
HUBBARD,2016,,432.83,54.4
HUBBARD,2017,,1052.0,65.0
HUBBARD,2018,,399.83,75.6
HUBBARD,2019,,383.33,86.2
HUBBARD,2020,,366.83,96.8
HUBBARD,2021,,350.33,107.4
HUBBARD,2022,,16.0,118.0
HUBBARD,2023,,317.33,128.6
ISANTI,2010,1232.2,-783.4,
ISANTI,2011,1168.6,993.8,
ISANTI,2012,1132.0,2771.0,
ISANTI,2013,1041.4,4548.2,
ISANTI,2014,977.8,6325.4,
ISANTI,2015,914.2,8102.6,
ISANTI,2016,850.6,9879.8,
ISANTI,2017,733.0,11657.0,
ISANTI,2018,723.4,13434.2,
ISANTI,2019,659.8,15211.4,
ISANTI,2020,596.2,16988.6,
ISANTI,2021,532.6,18765.8,
ISANTI,2022,496.0,20543.0,
ISANTI,2023,405.4,22320.2,
ITASCA,2010,235.2,201.8,
ITASCA,2011,211.6,195.4,
ITASCA,2012,188.0,187.0,
ITASCA,2013,164.4,182.6,
ITASCA,2014,140.8,176.2,
ITASCA,2015,117.2,169.8,
ITASCA,2016,93.6,163.4,
ITASCA,2017,70.0,161.0,
ITASCA,2018,46.4,150.6,
ITASCA,2019,22.8,144.2,
ITASCA,2020,-0.8,137.8,
ITASCA,2021,-24.4,131.4,
ITASCA,2022,-48.0,123.0,15.0
ITASCA,2023,-71.6,118.6,
JACKSON,2010,7219.53,262860.33,
JACKSON,2011,6980.93,261227.33,
JACKSON,2012,6247.0,245947.0,28.0
JACKSON,2013,6503.73,257961.33,
JACKSON,2014,6265.13,256328.33,
JACKSON,2015,6026.53,254695.33,
JACKSON,2016,5787.93,253062.33,
JACKSON,2017,6540.0,278724.0,
JACKSON,2018,5310.73,249796.33,
JACKSON,2019,5072.13,248163.33,
JACKSON,2020,4833.53,246530.33,
JACKSON,2021,4594.93,244897.33,
JACKSON,2022,3861.0,229617.0,
JACKSON,2023,4117.73,241631.33,
KANABEC,2010,826.83,-136.8,493.27
KANABEC,2011,783.33,11.6,448.47
KANABEC,2012,599.0,160.0,470.0
KANABEC,2013,696.33,308.4,358.87
KANABEC,2014,652.83,456.8,314.07
KANABEC,2015,609.33,605.2,269.27
KANABEC,2016,565.83,753.6,224.47
KANABEC,2017,804.0,902.0,47.0
KANABEC,2018,478.83,1050.4,134.87
KANABEC,2019,435.33,1198.8,90.07
KANABEC,2020,391.83,1347.2,45.27
KANABEC,2021,348.33,1495.6,0.47
KANABEC,2022,164.0,1644.0,22.0
KANABEC,2023,261.33,1792.4,-89.13
KANDIYOHI,2010,4003.0,67636.27,2512197.83
KANDIYOHI,2011,3944.0,72693.47,2500622.33
KANDIYOHI,2012,2493.0,86583.0,2557432.0
KANDIYOHI,2013,3826.0,82807.87,2477471.33
KANDIYOHI,2014,3767.0,87865.07,2465895.83
KANDIYOHI,2015,3708.0,92922.27,2454320.33
KANDIYOHI,2016,3649.0,97979.47,2442744.83
KANDIYOHI,2017,6374.0,85372.0,2294399.0
KANDIYOHI,2018,3531.0,108093.87,2419593.83
KANDIYOHI,2019,3472.0,113151.07,2408018.33
KANDIYOHI,2020,3413.0,118208.27,2396442.83
KANDIYOHI,2021,3354.0,123265.47,2384867.33
KANDIYOHI,2022,1903.0,137155.0,2441677.0
KANDIYOHI,2023,3236.0,133379.87,2361716.33
KITTSON,2010,,,
KITTSON,2011,,,
KITTSON,2012,,,
KITTSON,2013,,,
KITTSON,2014,,,
KITTSON,2015,,,
KITTSON,2016,,,
KITTSON,2017,,,
KITTSON,2018,,,
KITTSON,2019,,,
KITTSON,2020,,,
KITTSON,2021,,,
KITTSON,2022,640.0,,
KITTSON,2023,,,
KOOCHICHING,2010,,50.23,
KOOCHICHING,2011,,46.53,
KOOCHICHING,2012,,52.0,
KOOCHICHING,2013,,39.13,
KOOCHICHING,2014,,35.43,
KOOCHICHING,2015,,31.73,
KOOCHICHING,2016,,28.03,
KOOCHICHING,2017,,6.0,
KOOCHICHING,2018,,20.63,
KOOCHICHING,2019,,16.93,
KOOCHICHING,2020,,13.23,
KOOCHICHING,2021,,9.53,
KOOCHICHING,2022,,15.0,
KOOCHICHING,2023,,2.13,
LAC QUI PARLE,2010,5166.43,91935.3,
LAC QUI PARLE,2011,4856.13,98121.4,
LAC QUI PARLE,2012,4507.0,97508.0,
LAC QUI PARLE,2013,4235.53,110493.6,
LAC QUI PARLE,2014,3925.23,116679.7,
LAC QUI PARLE,2015,3614.93,122865.8,
LAC QUI PARLE,2016,3304.63,129051.9,
LAC QUI PARLE,2017,3072.0,148837.0,
LAC QUI PARLE,2018,2684.03,141424.1,
LAC QUI PARLE,2019,2373.73,147610.2,
LAC QUI PARLE,2020,2063.43,153796.3,
LAC QUI PARLE,2021,1753.13,159982.4,
LAC QUI PARLE,2022,1404.0,159369.0,
LAC QUI PARLE,2023,1132.53,172354.6,
LAKE,2010,,,-29.6
LAKE,2011,,,-23.8
LAKE,2012,,,-18.0
LAKE,2013,,,-12.2
LAKE,2014,,,-6.4
LAKE,2015,,,-0.6
LAKE,2016,,,5.2
LAKE,2017,,21.0,11.0
LAKE,2018,,,16.8
LAKE,2019,,,22.6
LAKE,2020,,,28.4
LAKE,2021,,,34.2
LAKE,2022,,,40.0
LAKE,2023,,,45.8
LAKE OF THE WOODS,2010,,37.2,12.07
LAKE OF THE WOODS,2011,,34.6,12.87
LAKE OF THE WOODS,2012,,32.0,18.0
LAKE OF THE WOODS,2013,,29.4,14.47
LAKE OF THE WOODS,2014,,26.8,15.27
LAKE OF THE WOODS,2015,,24.2,16.07
LAKE OF THE WOODS,2016,,21.6,16.87
LAKE OF THE WOODS,2017,,19.0,9.0
LAKE OF THE WOODS,2018,,16.4,18.47
LAKE OF THE WOODS,2019,,13.8,19.27
LAKE OF THE WOODS,2020,,11.2,20.07
LAKE OF THE WOODS,2021,,8.6,20.87
LAKE OF THE WOODS,2022,,6.0,26.0
LAKE OF THE WOODS,2023,,3.4,22.47
LE SUEUR,2010,8796.27,132867.03,81861.07
LE SUEUR,2011,8447.47,130221.93,81635.87
LE SUEUR,2012,8273.0,135687.0,71046.0
LE SUEUR,2013,7749.87,124931.73,81185.47
LE SUEUR,2014,7401.07,122286.63,80960.27
LE SUEUR,2015,7052.27,119641.53,80735.07
LE SUEUR,2016,6703.47,116996.43,80509.87
LE SUEUR,2017,6006.0,98131.0,101014.0
LE SUEUR,2018,6005.87,111706.23,80059.47
LE SUEUR,2019,5657.07,109061.13,79834.27
LE SUEUR,2020,5308.27,106416.03,79609.07
LE SUEUR,2021,4959.47,103770.93,79383.87
LE SUEUR,2022,4785.0,109236.0,68794.0
LE SUEUR,2023,4261.87,98480.73,78933.47
LINCOLN,2010,8807.6,87784.8,
LINCOLN,2011,8613.8,91610.4,
LINCOLN,2012,7171.0,93371.0,
LINCOLN,2013,8226.2,99261.6,
LINCOLN,2014,8032.4,103087.2,
LINCOLN,2015,7838.6,106912.8,
LINCOLN,2016,7644.8,110738.4,
LINCOLN,2017,9949.0,118694.0,
LINCOLN,2018,7257.2,118389.6,
LINCOLN,2019,7063.4,122215.2,
LINCOLN,2020,6869.6,126040.8,
LINCOLN,2021,6675.8,129866.4,
LINCOLN,2022,5233.0,131627.0,
LINCOLN,2023,6288.2,137517.6,
LYON,2010,28665.4,84620.47,653233.0
LYON,2011,29694.2,113245.07,639533.0
LYON,2012,32155.0,158742.0,643333.0
LYON,2013,31751.8,170494.27,612133.0
LYON,2014,32780.6,199118.87,598433.0
LYON,2015,33809.4,227743.47,584733.0
LYON,2016,34838.2,256368.07,571033.0
LYON,2017,33003.0,251248.0,522333.0
LYON,2018,36895.8,313617.27,543633.0
LYON,2019,37924.6,342241.87,529933.0
LYON,2020,38953.4,370866.47,516233.0
LYON,2021,39982.2,399491.07,502533.0
LYON,2022,42443.0,444988.0,506333.0
LYON,2023,42039.8,456740.27,475133.0
MAHNOMEN,2010,1414.8,235.53,
MAHNOMEN,2011,1295.4,216.93,
MAHNOMEN,2012,1326.0,243.0,
MAHNOMEN,2013,1056.6,179.73,
MAHNOMEN,2014,937.2,161.13,
MAHNOMEN,2015,817.8,142.53,
MAHNOMEN,2016,698.4,123.93,
MAHNOMEN,2017,279.0,16.0,
MAHNOMEN,2018,459.6,86.73,
MAHNOMEN,2019,340.2,68.13,
MAHNOMEN,2020,220.8,49.53,
MAHNOMEN,2021,101.4,30.93,
MAHNOMEN,2022,132.0,57.0,
MAHNOMEN,2023,-137.4,-6.27,
MARSHALL,2010,234.6,72.6,
MARSHALL,2011,249.8,67.3,
MARSHALL,2012,265.0,62.0,
MARSHALL,2013,280.2,56.7,
MARSHALL,2014,295.4,51.4,
MARSHALL,2015,310.6,46.1,
MARSHALL,2016,325.8,40.8,
MARSHALL,2017,341.0,35.5,
MARSHALL,2018,356.2,30.2,
MARSHALL,2019,371.4,24.9,
MARSHALL,2020,386.6,19.6,
MARSHALL,2021,401.8,14.3,
MARSHALL,2022,417.0,9.0,
MARSHALL,2023,432.2,3.7,
MARTIN,2010,7886.87,805247.53,105707.6
MARTIN,2011,7850.27,808547.93,98770.8
MARTIN,2012,6093.0,812229.0,69404.0
MARTIN,2013,7777.07,815148.73,84897.2
MARTIN,2014,7740.47,818449.13,77960.4
MARTIN,2015,7703.87,821749.53,71023.6
MARTIN,2016,7667.27,825049.93,64086.8
MARTIN,2017,11072.0,827589.0,102010.0
MARTIN,2018,7594.07,831650.73,50213.2
MARTIN,2019,7557.47,834951.13,43276.4
MARTIN,2020,7520.87,838251.53,36339.6
MARTIN,2021,7484.27,841551.93,29402.8
MARTIN,2022,5727.0,845233.0,36.0
MARTIN,2023,7411.07,848152.73,15529.2
MCLEOD,2010,6778.0,9066.3,-8.2
MCLEOD,2011,6468.0,8913.4,11.4
MCLEOD,2012,6055.0,9308.0,31.0
MCLEOD,2013,5848.0,8607.6,50.6
MCLEOD,2014,5538.0,8454.7,70.2
MCLEOD,2015,5228.0,8301.8,89.8
MCLEOD,2016,4918.0,8148.9,109.4
MCLEOD,2017,4814.0,6901.0,129.0
MCLEOD,2018,4298.0,7843.1,148.6
MCLEOD,2019,3988.0,7690.2,168.2
MCLEOD,2020,3678.0,7537.3,187.8
MCLEOD,2021,3368.0,7384.4,207.4
MCLEOD,2022,2955.0,7779.0,227.0
MCLEOD,2023,2748.0,7078.6,246.6
MEEKER,2010,6348.47,16075.33,
MEEKER,2011,6600.07,14798.33,
MEEKER,2012,7035.0,14522.0,
MEEKER,2013,7103.27,12244.33,
MEEKER,2014,7354.87,10967.33,
MEEKER,2015,7606.47,9690.33,
MEEKER,2016,7858.07,8413.33,
MEEKER,2017,7743.0,5135.0,1041083.0
MEEKER,2018,8361.27,5859.33,
MEEKER,2019,8612.87,4582.33,
MEEKER,2020,8864.47,3305.33,
MEEKER,2021,9116.07,2028.33,
MEEKER,2022,9551.0,1752.0,
MEEKER,2023,9619.27,-525.67,
MILLE LACS,2010,1206.5,627.17,-4.0
MILLE LACS,2011,1176.0,593.67,15.0
MILLE LACS,2012,474.0,462.0,34.0
MILLE LACS,2013,1115.0,526.67,53.0
MILLE LACS,2014,1084.5,493.17,72.0
MILLE LACS,2015,1054.0,459.67,91.0
MILLE LACS,2016,1023.5,426.17,110.0
MILLE LACS,2017,2336.0,589.0,129.0
MILLE LACS,2018,962.5,359.17,148.0
MILLE LACS,2019,932.0,325.67,167.0
MILLE LACS,2020,901.5,292.17,186.0
MILLE LACS,2021,871.0,258.67,205.0
MILLE LACS,2022,169.0,127.0,224.0
MILLE LACS,2023,810.0,191.67,243.0
MORRISON,2010,8495.13,78308.17,1294325.33
MORRISON,2011,8572.73,76480.67,1278762.33
MORRISON,2012,8466.0,77871.0,1117300.0
MORRISON,2013,8727.93,72825.67,1247636.33
MORRISON,2014,8805.53,70998.17,1232073.33
MORRISON,2015,8883.13,69170.67,1216510.33
MORRISON,2016,8960.73,67343.17,1200947.33
MORRISON,2017,9407.0,59080.0,1477183.0
MORRISON,2018,9115.93,63688.17,1169821.33
MORRISON,2019,9193.53,61860.67,1154258.33
MORRISON,2020,9271.13,60033.17,1138695.33
MORRISON,2021,9348.73,58205.67,1123132.33
MORRISON,2022,9242.0,59596.0,961670.0
MORRISON,2023,9503.93,54550.67,1092006.33
MOWER,2010,12121.3,357385.8,
MOWER,2011,11706.4,348080.4,
MOWER,2012,9512.0,330950.0,
MOWER,2013,10876.6,329469.6,
MOWER,2014,10461.7,320164.2,
MOWER,2015,10046.8,310858.8,
MOWER,2016,9631.9,301553.4,
MOWER,2017,12776.0,307898.0,363016.0
MOWER,2018,8802.1,282942.6,
MOWER,2019,8387.2,273637.2,
MOWER,2020,7972.3,264331.8,
MOWER,2021,7557.4,255026.4,
MOWER,2022,5363.0,237896.0,
MOWER,2023,6727.6,236415.6,
MURRAY,2010,21223.63,140875.9,
MURRAY,2011,21103.73,146659.2,
MURRAY,2012,20163.0,140599.0,
MURRAY,2013,20863.93,158225.8,
MURRAY,2014,20744.03,164009.1,
MURRAY,2015,20624.13,169792.4,
MURRAY,2016,20504.23,175575.7,
MURRAY,2017,22026.0,205046.0,
MURRAY,2018,20264.43,187142.3,
MURRAY,2019,20144.53,192925.6,
MURRAY,2020,20024.63,198708.9,
MURRAY,2021,19904.73,204492.2,
MURRAY,2022,18964.0,198432.0,
MURRAY,2023,19664.93,216058.8,
NICOLLET,2010,6802.8,218094.8,
NICOLLET,2011,6470.4,231764.4,
NICOLLET,2012,6218.0,268330.0,
NICOLLET,2013,5805.6,259103.6,
NICOLLET,2014,5473.2,272773.2,
NICOLLET,2015,5140.8,286442.8,
NICOLLET,2016,4808.4,300112.4,
NICOLLET,2017,4316.0,267990.0,
NICOLLET,2018,4143.6,327451.6,
NICOLLET,2019,3811.2,341121.2,
NICOLLET,2020,3478.8,354790.8,
NICOLLET,2021,3146.4,368460.4,
NICOLLET,2022,2894.0,405026.0,5.0
NICOLLET,2023,2481.6,395799.6,
NOBLES,2010,38403.73,280409.2,
NOBLES,2011,38999.53,298514.6,
NOBLES,2012,38434.0,323679.0,
NOBLES,2013,40191.13,334725.4,
NOBLES,2014,40786.93,352830.8,
NOBLES,2015,41382.73,370936.2,
NOBLES,2016,41978.53,389041.6,
NOBLES,2017,44897.0,393029.0,186011.0
NOBLES,2018,43170.13,425252.4,
NOBLES,2019,43765.93,443357.8,
NOBLES,2020,44361.73,461463.2,
NOBLES,2021,44957.53,479568.6,
NOBLES,2022,44392.0,504733.0,
NOBLES,2023,46149.13,515779.4,
NORMAN,2010,998.2,,
NORMAN,2011,876.6,,
NORMAN,2012,755.0,7070.0,
NORMAN,2013,633.4,,
NORMAN,2014,511.8,,
NORMAN,2015,390.2,,
NORMAN,2016,268.6,,
NORMAN,2017,147.0,,
NORMAN,2018,25.4,,
NORMAN,2019,-96.2,,
NORMAN,2020,-217.8,,
NORMAN,2021,-339.4,,
NORMAN,2022,-461.0,,
NORMAN,2023,-582.6,,
OLMSTED,2010,8701.13,41125.3,
OLMSTED,2011,8694.73,40299.4,
OLMSTED,2012,9052.0,45300.0,
OLMSTED,2013,8681.93,38647.6,
OLMSTED,2014,8675.53,37821.7,
OLMSTED,2015,8669.13,36995.8,
OLMSTED,2016,8662.73,36169.9,
OLMSTED,2017,7929.0,23691.0,
OLMSTED,2018,8649.93,34518.1,
OLMSTED,2019,8643.53,33692.2,
OLMSTED,2020,8637.13,32866.3,
OLMSTED,2021,8630.73,32040.4,
OLMSTED,2022,8988.0,37041.0,
OLMSTED,2023,8617.93,30388.6,
OTTER TAIL,2010,7714.57,40427.6,1510248.4
OTTER TAIL,2011,7468.87,36932.8,1447693.2
OTTER TAIL,2012,8092.0,35547.0,1505819.0
OTTER TAIL,2013,6977.47,29943.2,1322582.8
OTTER TAIL,2014,6731.77,26448.4,1260027.6
OTTER TAIL,2015,6486.07,22953.6,1197472.4
OTTER TAIL,2016,6240.37,19458.8,1134917.2
OTTER TAIL,2017,4257.0,11746.0,831000.0
OTTER TAIL,2018,5748.97,12469.2,1009806.8
OTTER TAIL,2019,5503.27,8974.4,947251.6
OTTER TAIL,2020,5257.57,5479.6,884696.4
OTTER TAIL,2021,5011.87,1984.8,822141.2
OTTER TAIL,2022,5635.0,599.0,880267.0
OTTER TAIL,2023,4520.47,-5004.8,697030.8
PENNINGTON,2010,41.77,,
PENNINGTON,2011,75.47,,
PENNINGTON,2012,146.0,,
PENNINGTON,2013,142.87,,
PENNINGTON,2014,176.57,,
PENNINGTON,2015,210.27,,
PENNINGTON,2016,243.97,,
PENNINGTON,2017,204.0,,
PENNINGTON,2018,311.37,,
PENNINGTON,2019,345.07,,
PENNINGTON,2020,378.77,,
PENNINGTON,2021,412.47,,
PENNINGTON,2022,483.0,,14.0
PENNINGTON,2023,479.87,,
PINE,2010,1185.27,268.77,95.87
PINE,2011,1235.47,262.47,100.27
PINE,2012,1719.0,265.0,65.0
PINE,2013,1335.87,249.87,109.07
PINE,2014,1386.07,243.57,113.47
PINE,2015,1436.27,237.27,117.87
PINE,2016,1486.47,230.97,122.27
PINE,2017,670.0,207.0,206.0
PINE,2018,1586.87,218.37,131.07
PINE,2019,1637.07,212.07,135.47
PINE,2020,1687.27,205.77,139.87
PINE,2021,1737.47,199.47,144.27
PINE,2022,2221.0,202.0,109.0
PINE,2023,1837.87,186.87,153.07
PIPESTONE,2010,17664.37,285058.47,
PIPESTONE,2011,18195.27,288725.07,
PIPESTONE,2012,18215.0,267097.0,
PIPESTONE,2013,19257.07,296058.27,
PIPESTONE,2014,19787.97,299724.87,
PIPESTONE,2015,20318.87,303391.47,
PIPESTONE,2016,20849.77,307058.07,
PIPESTONE,2017,22403.0,361314.0,
PIPESTONE,2018,21911.57,314391.27,
PIPESTONE,2019,22442.47,318057.87,
PIPESTONE,2020,22973.37,321724.47,
PIPESTONE,2021,23504.27,325391.07,
PIPESTONE,2022,23524.0,303763.0,
PIPESTONE,2023,24566.07,332724.27,
POLK,2010,430.0,23569.17,
POLK,2011,468.5,21991.67,
POLK,2012,507.0,17637.0,
POLK,2013,545.5,18836.67,
POLK,2014,584.0,17259.17,
POLK,2015,622.5,15681.67,
POLK,2016,661.0,14104.17,
POLK,2017,699.5,18081.0,
POLK,2018,738.0,10949.17,
POLK,2019,776.5,9371.67,
POLK,2020,815.0,7794.17,
POLK,2021,853.5,6216.67,
POLK,2022,892.0,1862.0,74.0
POLK,2023,930.5,3061.67,
POPE,2010,4678.87,89220.97,
POPE,2011,4769.27,88366.07,
POPE,2012,3674.0,76913.0,
POPE,2013,4950.07,86656.27,
POPE,2014,5040.47,85801.37,
POPE,2015,5130.87,84946.47,
POPE,2016,5221.27,84091.57,
POPE,2017,7683.0,104433.0,
POPE,2018,5402.07,82381.77,
POPE,2019,5492.47,81526.87,
POPE,2020,5582.87,80671.97,
POPE,2021,5673.27,79817.07,
POPE,2022,4578.0,68364.0,
POPE,2023,5854.07,78107.27,
RAMSEY,2010,,,
RAMSEY,2011,,,
RAMSEY,2012,,,
RAMSEY,2013,,,
RAMSEY,2014,,,
RAMSEY,2015,,,
RAMSEY,2016,,,
RAMSEY,2017,,,
RAMSEY,2018,,,
RAMSEY,2019,,,
RAMSEY,2020,,,
RAMSEY,2021,,,
RAMSEY,2022,,,
RAMSEY,2023,,,
RED LAKE,2010,1269.4,,
RED LAKE,2011,1289.7,,
RED LAKE,2012,1310.0,,
RED LAKE,2013,1330.3,,
RED LAKE,2014,1350.6,,
RED LAKE,2015,1370.9,,
RED LAKE,2016,1391.2,,
RED LAKE,2017,1411.5,,
RED LAKE,2018,1431.8,,
RED LAKE,2019,1452.1,,
RED LAKE,2020,1472.4,,
RED LAKE,2021,1492.7,,
RED LAKE,2022,1513.0,,
RED LAKE,2023,1533.3,,
REDWOOD,2010,12285.6,122177.33,403328.07
REDWOOD,2011,14227.8,139467.33,404749.87
REDWOOD,2012,15606.0,179776.0,336506.0
REDWOOD,2013,18112.2,174047.33,407593.47
REDWOOD,2014,20054.4,191337.33,409015.27
REDWOOD,2015,21996.6,208627.33,410437.07
REDWOOD,2016,23938.8,225917.33,411858.87
REDWOOD,2017,27009.0,197170.0,552612.0
REDWOOD,2018,27823.2,260497.33,414702.47
REDWOOD,2019,29765.4,277787.33,416124.27
REDWOOD,2020,31707.6,295077.33,417546.07
REDWOOD,2021,33649.8,312367.33,418967.87
REDWOOD,2022,35028.0,352676.0,350724.0
REDWOOD,2023,37534.2,346947.33,421811.47
RENVILLE,2010,16081.63,301991.6,99798.67
RENVILLE,2011,16130.73,299236.8,111747.67
RENVILLE,2012,16654.0,280943.0,79162.0
RENVILLE,2013,16228.93,293727.2,135645.67
RENVILLE,2014,16278.03,290972.4,147594.67
RENVILLE,2015,16327.13,288217.6,159543.67
RENVILLE,2016,16376.23,285462.8,171492.67
RENVILLE,2017,15477.0,313786.0,272511.0
RENVILLE,2018,16474.43,279953.2,195390.67
RENVILLE,2019,16523.53,277198.4,207339.67
RENVILLE,2020,16572.63,274443.6,219288.67
RENVILLE,2021,16621.73,271688.8,231237.67
RENVILLE,2022,17145.0,253395.0,198652.0
RENVILLE,2023,16719.93,266179.2,255135.67
RICE,2010,1846.23,65248.43,474963.2
RICE,2011,1856.53,73977.13,472674.6
RICE,2012,1705.0,62285.0,506109.0
RICE,2013,1877.13,91434.53,468097.4
RICE,2014,1887.43,100163.23,465808.8
RICE,2015,1897.73,108891.93,463520.2
RICE,2016,1908.03,117620.63,461231.6
RICE,2017,2242.0,167191.0,387497.0
RICE,2018,1928.63,135078.03,456654.4
RICE,2019,1938.93,143806.73,454365.8
RICE,2020,1949.23,152535.43,452077.2
RICE,2021,1959.53,161264.13,449788.6
RICE,2022,1808.0,149572.0,483223.0
RICE,2023,1980.13,178721.53,445211.4
ROCK,2010,36729.97,254077.53,
ROCK,2011,37933.07,265019.93,
ROCK,2012,36821.0,291435.0,102.0
ROCK,2013,40339.27,286904.73,
ROCK,2014,41542.37,297847.13,
ROCK,2015,42745.47,308789.53,
ROCK,2016,43948.57,319731.93,
ROCK,2017,49782.0,299729.0,
ROCK,2018,46354.77,341616.73,
ROCK,2019,47557.87,352559.13,
ROCK,2020,48760.97,363501.53,
ROCK,2021,49964.07,374443.93,
ROCK,2022,48852.0,400859.0,
ROCK,2023,52370.27,396328.73,
ROSEAU,2010,533.3,3961.57,232935.2
ROSEAU,2011,555.4,4434.87,235801.6
ROSEAU,2012,667.0,8529.0,238668.0
ROSEAU,2013,599.6,5381.47,241534.4
ROSEAU,2014,621.7,5854.77,244400.8
ROSEAU,2015,643.8,6328.07,247267.2
ROSEAU,2016,665.9,6801.37,250133.6
ROSEAU,2017,509.0,33.0,253000.0
ROSEAU,2018,710.1,7747.97,255866.4
ROSEAU,2019,732.2,8221.27,258732.8
ROSEAU,2020,754.3,8694.57,261599.2
ROSEAU,2021,776.4,9167.87,264465.6
ROSEAU,2022,888.0,13262.0,267332.0
ROSEAU,2023,820.6,10114.47,270198.4
SCOTT,2010,5898.97,,227.4
SCOTT,2011,5592.07,,215.2
SCOTT,2012,5085.0,15487.0,226.0
SCOTT,2013,4978.27,,190.8
SCOTT,2014,4671.37,,178.6
SCOTT,2015,4364.47,,166.4
SCOTT,2016,4057.57,,154.2
SCOTT,2017,4151.0,,96.0
SCOTT,2018,3443.77,,129.8
SCOTT,2019,3136.87,,117.6
SCOTT,2020,2829.97,,105.4
SCOTT,2021,2523.07,,93.2
SCOTT,2022,2016.0,,104.0
SCOTT,2023,1909.27,,68.8
SHERBURNE,2010,6298.17,,63.9
SHERBURNE,2011,6101.67,,63.2
SHERBURNE,2012,6280.0,8635.0,74.0
SHERBURNE,2013,5708.67,,61.8
SHERBURNE,2014,5512.17,,61.1
SHERBURNE,2015,5315.67,,60.4
SHERBURNE,2016,5119.17,,59.7
SHERBURNE,2017,4173.0,,36.0
SHERBURNE,2018,4726.17,,58.3
SHERBURNE,2019,4529.67,,57.6
SHERBURNE,2020,4333.17,,56.9
SHERBURNE,2021,4136.67,,56.2
SHERBURNE,2022,4315.0,,67.0
SHERBURNE,2023,3743.67,,54.8
SIBLEY,2010,12575.43,115047.13,67.6
SIBLEY,2011,12112.13,112503.73,68.3
SIBLEY,2012,9901.0,105238.0,69.0
SIBLEY,2013,11185.53,107416.93,69.7
SIBLEY,2014,10722.23,104873.53,70.4
SIBLEY,2015,10258.93,102330.13,71.1
SIBLEY,2016,9795.63,99786.73,71.8
SIBLEY,2017,12828.0,106688.0,72.5
SIBLEY,2018,8869.03,94699.93,73.2
SIBLEY,2019,8405.73,92156.53,73.9
SIBLEY,2020,7942.43,89613.13,74.6
SIBLEY,2021,7479.13,87069.73,75.3
SIBLEY,2022,5268.0,79804.0,76.0
SIBLEY,2023,6552.53,81982.93,76.7
ST. LOUIS,2010,,388.33,437.9
ST. LOUIS,2011,,377.33,410.2
ST. LOUIS,2012,,376.0,342.0
ST. LOUIS,2013,,355.33,354.8
ST. LOUIS,2014,,344.33,327.1
ST. LOUIS,2015,,333.33,299.4
ST. LOUIS,2016,,322.33,271.7
ST. LOUIS,2017,,292.0,325.0
ST. LOUIS,2018,,300.33,216.3
ST. LOUIS,2019,,289.33,188.6
ST. LOUIS,2020,,278.33,160.9
ST. LOUIS,2021,,267.33,133.2
ST. LOUIS,2022,118.0,266.0,65.0
ST. LOUIS,2023,,245.33,77.8
STEARNS,2010,39139.7,117122.17,2771199.1
STEARNS,2011,39305.6,112771.67,2707096.8
STEARNS,2012,40914.0,109402.0,2437174.0
STEARNS,2013,39637.4,104070.67,2578892.2
STEARNS,2014,39803.3,99720.17,2514789.9
STEARNS,2015,39969.2,95369.67,2450687.6
STEARNS,2016,40135.1,91019.17,2386585.3
STEARNS,2017,37416.0,84707.0,2734124.0
STEARNS,2018,40466.9,82318.17,2258380.7
STEARNS,2019,40632.8,77967.67,2194278.4
STEARNS,2020,40798.7,73617.17,2130176.1
STEARNS,2021,40964.6,69266.67,2066073.8
STEARNS,2022,42573.0,65897.0,1796151.0
STEARNS,2023,41296.4,60565.67,1937869.2
STEELE,2010,774.77,177787.07,471262.5
STEELE,2011,805.47,172650.87,448670.0
STEELE,2012,678.0,167773.0,416487.0
STEELE,2013,866.87,162378.47,403485.0
STEELE,2014,897.57,157242.27,380892.5
STEELE,2015,928.27,152106.07,358300.0
STEELE,2016,958.97,146969.87,335707.5
STEELE,2017,1306.0,141317.0,332296.0
STEELE,2018,1020.37,136697.47,290522.5
STEELE,2019,1051.07,131561.27,267930.0
STEELE,2020,1081.77,126425.07,245337.5
STEELE,2021,1112.47,121288.87,222745.0
STEELE,2022,985.0,116411.0,190562.0
STEELE,2023,1173.87,111016.47,177560.0
STEVENS,2010,13062.0,172457.33,
STEVENS,2011,12979.0,174787.33,
STEVENS,2012,11844.0,186865.0,
STEVENS,2013,12813.0,179447.33,
STEVENS,2014,12730.0,181777.33,
STEVENS,2015,12647.0,184107.33,
STEVENS,2016,12564.0,186437.33,
STEVENS,2017,14585.0,169272.0,
STEVENS,2018,12398.0,191097.33,
STEVENS,2019,12315.0,193427.33,
STEVENS,2020,12232.0,195757.33,
STEVENS,2021,12149.0,198087.33,
STEVENS,2022,11014.0,210165.0,
STEVENS,2023,11983.0,202747.33,
SWIFT,2010,3781.17,8943.27,2027183.77
SWIFT,2011,3834.67,10301.47,1954891.47
SWIFT,2012,3871.0,13116.0,1942920.0
SWIFT,2013,3941.67,13017.87,1810306.87
SWIFT,2014,3995.17,14376.07,1738014.57
SWIFT,2015,4048.67,15734.27,1665722.27
SWIFT,2016,4102.17,17092.47,1593429.97
SWIFT,2017,4190.0,15538.0,1400496.0
SWIFT,2018,4209.17,19808.87,1448845.37
SWIFT,2019,4262.67,21167.07,1376553.07
SWIFT,2020,4316.17,22525.27,1304260.77
SWIFT,2021,4369.67,23883.47,1231968.47
SWIFT,2022,4406.0,26698.0,1219997.0
SWIFT,2023,4476.67,26599.87,1087383.87
TODD,2010,4663.43,15179.2,1905728.9
TODD,2011,4718.13,14519.6,1829783.2
TODD,2012,4678.0,13771.0,1991295.0
TODD,2013,4827.53,13200.4,1677891.8
TODD,2014,4882.23,12540.8,1601946.1
TODD,2015,4936.93,11881.2,1526000.4
TODD,2016,4991.63,11221.6,1450054.7
TODD,2017,5236.0,10740.0,899194.0
TODD,2018,5101.03,9902.4,1298163.3
TODD,2019,5155.73,9242.8,1222217.6
TODD,2020,5210.43,8583.2,1146271.9
TODD,2021,5265.13,7923.6,1070326.2
TODD,2022,5225.0,7175.0,1231838.0
TODD,2023,5374.53,6604.4,918434.8
TRAVERSE,2010,2612.8,24669.93,
TRAVERSE,2011,2550.4,24221.13,
TRAVERSE,2012,1863.0,16966.0,
TRAVERSE,2013,2425.6,23323.53,
TRAVERSE,2014,2363.2,22874.73,
TRAVERSE,2015,2300.8,22425.93,
TRAVERSE,2016,2238.4,21977.13,
TRAVERSE,2017,3426.0,35141.0,
TRAVERSE,2018,2113.6,21079.53,
TRAVERSE,2019,2051.2,20630.73,
TRAVERSE,2020,1988.8,20181.93,
TRAVERSE,2021,1926.4,19733.13,
TRAVERSE,2022,1239.0,12478.0,
TRAVERSE,2023,1801.6,18835.53,
WABASHA,2010,6787.3,-2044.93,21.4
WABASHA,2011,6722.4,1176.87,21.7
WABASHA,2012,6849.0,8851.0,22.0
WABASHA,2013,6592.6,7620.47,22.3
WABASHA,2014,6527.7,10842.27,22.6
WABASHA,2015,6462.8,14064.07,22.9
WABASHA,2016,6397.9,17285.87,23.2
WABASHA,2017,5950.0,11603.0,23.5
WABASHA,2018,6268.1,23729.47,23.8
WABASHA,2019,6203.2,26951.27,24.1
WABASHA,2020,6138.3,30173.07,24.4
WABASHA,2021,6073.4,33394.87,24.7
WABASHA,2022,6200.0,41069.0,25.0
WABASHA,2023,5943.6,39838.47,25.3
WADENA,2010,-444.0,6412.97,
WADENA,2011,-354.0,5808.07,
WADENA,2012,-264.0,6202.0,52805.0
WADENA,2013,-174.0,4598.27,
WADENA,2014,-84.0,3993.37,
WADENA,2015,6.0,3388.47,
WADENA,2016,96.0,2783.57,
WADENA,2017,186.0,181.0,
WADENA,2018,276.0,1573.77,
WADENA,2019,366.0,968.87,
WADENA,2020,456.0,363.97,
WADENA,2021,546.0,-240.93,
WADENA,2022,636.0,153.0,
WADENA,2023,726.0,-1450.73,
WASECA,2010,6367.13,263463.77,202032.4
WASECA,2011,6226.73,260694.47,207817.2
WASECA,2012,5523.0,243998.0,123857.0
WASECA,2013,5945.93,255155.87,219386.8
WASECA,2014,5805.53,252386.57,225171.6
WASECA,2015,5665.13,249617.27,230956.4
WASECA,2016,5524.73,246847.97,236741.2
WASECA,2017,6511.0,271933.0,422016.0
WASECA,2018,5243.93,241309.37,248310.8
WASECA,2019,5103.53,238540.07,254095.6
WASECA,2020,4963.13,235770.77,259880.4
WASECA,2021,4822.73,233001.47,265665.2
WASECA,2022,4119.0,216305.0,181705.0
WASECA,2023,4541.93,227462.87,277234.8
WASHINGTON,2010,532.2,100.53,
WASHINGTON,2011,518.6,115.93,
WASHINGTON,2012,457.0,184.0,
WASHINGTON,2013,491.4,146.73,
WASHINGTON,2014,477.8,162.13,
WASHINGTON,2015,464.2,177.53,
WASHINGTON,2016,450.6,192.93,
WASHINGTON,2017,533.0,103.0,
WASHINGTON,2018,423.4,223.73,
WASHINGTON,2019,409.8,239.13,
WASHINGTON,2020,396.2,254.53,
WASHINGTON,2021,382.6,269.93,
WASHINGTON,2022,321.0,338.0,
WASHINGTON,2023,355.4,300.73,
WATONWAN,2010,,225726.27,
WATONWAN,2011,,232261.47,
WATONWAN,2012,,183618.0,
WATONWAN,2013,,245331.87,
WATONWAN,2014,,251867.07,
WATONWAN,2015,,258402.27,
WATONWAN,2016,,264937.47,
WATONWAN,2017,,381830.0,
WATONWAN,2018,,278007.87,
WATONWAN,2019,,284543.07,
WATONWAN,2020,,291078.27,
WATONWAN,2021,,297613.47,
WATONWAN,2022,3779.0,248970.0,
WATONWAN,2023,,310683.87,
WILKIN,2010,,84.4,
WILKIN,2011,,79.2,
WILKIN,2012,,74.0,
WILKIN,2013,,68.8,
WILKIN,2014,,63.6,
WILKIN,2015,,58.4,
WILKIN,2016,,53.2,
WILKIN,2017,,48.0,
WILKIN,2018,,42.8,
WILKIN,2019,,37.6,
WILKIN,2020,,32.4,
WILKIN,2021,,27.2,
WILKIN,2022,238.0,22.0,
WILKIN,2023,,16.8,
WINONA,2010,8849.77,55168.7,
WINONA,2011,8673.47,57054.6,
WINONA,2012,7881.0,36935.0,
WINONA,2013,8320.87,60826.4,
WINONA,2014,8144.57,62712.3,
WINONA,2015,7968.27,64598.2,
WINONA,2016,7791.97,66484.1,
WINONA,2017,8848.0,112381.0,
WINONA,2018,7439.37,70255.9,
WINONA,2019,7263.07,72141.8,
WINONA,2020,7086.77,74027.7,
WINONA,2021,6910.47,75913.6,
WINONA,2022,6118.0,55794.0,
WINONA,2023,6557.87,79685.4,
WRIGHT,2010,9259.53,3611.6,382.4
WRIGHT,2011,9089.93,3597.8,372.2
WRIGHT,2012,9373.0,4819.0,362.0
WRIGHT,2013,8750.73,3570.2,351.8
WRIGHT,2014,8581.13,3556.4,341.6
WRIGHT,2015,8411.53,3542.6,331.4
WRIGHT,2016,8241.93,3528.8,321.2
WRIGHT,2017,7167.0,1045.0,311.0
WRIGHT,2018,7902.73,3501.2,300.8
WRIGHT,2019,7733.13,3487.4,290.6
WRIGHT,2020,7563.53,3473.6,280.4
WRIGHT,2021,7393.93,3459.8,270.2
WRIGHT,2022,7677.0,4681.0,260.0
WRIGHT,2023,7054.73,3432.2,249.8
YELLOW MEDICINE,2010,14597.43,100631.3,
YELLOW MEDICINE,2011,13823.13,110014.4,
YELLOW MEDICINE,2012,10879.0,120257.0,203028.0
YELLOW MEDICINE,2013,12274.53,128780.6,
YELLOW MEDICINE,2014,11500.23,138163.7,
YELLOW MEDICINE,2015,10725.93,147546.8,
YELLOW MEDICINE,2016,9951.63,156929.9,
YELLOW MEDICINE,2017,13517.0,164594.0,
YELLOW MEDICINE,2018,8403.03,175696.1,
YELLOW MEDICINE,2019,7628.73,185079.2,
YELLOW MEDICINE,2020,6854.43,194462.3,
YELLOW MEDICINE,2021,6080.13,203845.4,
YELLOW MEDICINE,2022,3136.0,214088.0,
YELLOW MEDICINE,2023,4531.53,222611.6,
